hour,specified_demand_GW,profile
2257.0,15096.42620196308,0.00565209969315184
2258.0,15096.42620196308,0.002981836444610207
2259.0,15096.42620196308,0.001828013987944813
2260.0,15096.42620196308,0.002270046949363936
2261.0,15096.42620196308,0.0024302917525434514
2262.0,15096.42620196308,0.00238643270507486
2263.0,15096.42620196308,0.0035348523856098455
2264.0,15096.42620196308,0.007857591070548793
2265.0,15096.42620196308,0.01099134244976629
2266.0,15096.42620196308,0.010436484603941584
2267.0,15096.42620196308,0.009729043360606938
2268.0,15096.42620196308,0.008284688037593713
2269.0,15096.42620196308,0.0074224597306119895
2270.0,15096.42620196308,0.007515256603926267
2271.0,15096.42620196308,0.007037944685433174
2272.0,15096.42620196308,0.006995028051905528
2273.0,15096.42620196308,0.0075790843591229395
2274.0,15096.42620196308,0.008970490699392519
2275.0,15096.42620196308,0.010712813905868132
2276.0,15096.42620196308,0.010033610475446701
2277.0,15096.42620196308,0.008169022785109403
2278.0,15096.42620196308,0.008577091402533385
2279.0,15096.42620196308,0.010439031709422161
2280.0,15096.42620196308,0.010180369855316182
2281.0,15096.42620196308,0.00565209969315184
2282.0,15096.42620196308,0.002981836444610207
2283.0,15096.42620196308,0.001828013987944813
2284.0,15096.42620196308,0.002270046949363936
2285.0,15096.42620196308,0.0024302917525434514
2286.0,15096.42620196308,0.00238643270507486
2287.0,15096.42620196308,0.0035348523856098455
2288.0,15096.42620196308,0.007857591070548793
2289.0,15096.42620196308,0.01099134244976629
2290.0,15096.42620196308,0.010436484603941584
2291.0,15096.42620196308,0.009729043360606938
2292.0,15096.42620196308,0.008284688037593713
2293.0,15096.42620196308,0.0074224597306119895
2294.0,15096.42620196308,0.007515256603926267
2295.0,15096.42620196308,0.007037944685433174
2296.0,15096.42620196308,0.006995028051905528
2297.0,15096.42620196308,0.0075790843591229395
2298.0,15096.42620196308,0.008970490699392519
2299.0,15096.42620196308,0.010712813905868132
2300.0,15096.42620196308,0.010033610475446701
2301.0,15096.42620196308,0.008169022785109403
2302.0,15096.42620196308,0.008577091402533385
2303.0,15096.42620196308,0.010439031709422161
2304.0,15096.42620196308,0.010180369855316182
5137.0,15096.42620196308,0.005179011603111258
5138.0,15096.42620196308,0.002558162224292626
5139.0,15096.42620196308,0.0014498768036196525
5140.0,15096.42620196308,0.0019614892242880324
5141.0,15096.42620196308,0.0022228714300090834
5142.0,15096.42620196308,0.0021819744432171545
5143.0,15096.42620196308,0.0032550630396398677
5144.0,15096.42620196308,0.007112317185257883
5145.0,15096.42620196308,0.00987757572659761
5146.0,15096.42620196308,0.009062180403114161
5147.0,15096.42620196308,0.008037333571346231
5148.0,15096.42620196308,0.006715393308341154
5149.0,15096.42620196308,0.006279630115568089
5150.0,15096.42620196308,0.006373262842074256
5151.0,15096.42620196308,0.006035689210552281
5152.0,15096.42620196308,0.006068676962188797
5153.0,15096.42620196308,0.006576776925481373
5154.0,15096.42620196308,0.007971212711605103
5155.0,15096.42620196308,0.009600336143791204
5156.0,15096.42620196308,0.008684351685632398
5157.0,15096.42620196308,0.00714808399094186
5158.0,15096.42620196308,0.007952278363012577
5159.0,15096.42620196308,0.009817491577233179
5160.0,15096.42620196308,0.009666954508385258
5161.0,15096.42620196308,0.005179011603111258
5162.0,15096.42620196308,0.002558162224292626
5163.0,15096.42620196308,0.0014498768036196525
5164.0,15096.42620196308,0.0019614892242880324
5165.0,15096.42620196308,0.0022228714300090834
5166.0,15096.42620196308,0.0021819744432171545
5167.0,15096.42620196308,0.0032550630396398677
5168.0,15096.42620196308,0.007112317185257883
5169.0,15096.42620196308,0.00987757572659761
5170.0,15096.42620196308,0.009062180403114161
5171.0,15096.42620196308,0.008037333571346231
5172.0,15096.42620196308,0.006715393308341154
5173.0,15096.42620196308,0.006279630115568089
5174.0,15096.42620196308,0.006373262842074256
5175.0,15096.42620196308,0.006035689210552281
5176.0,15096.42620196308,0.006068676962188797
5177.0,15096.42620196308,0.006576776925481373
5178.0,15096.42620196308,0.007971212711605103
5179.0,15096.42620196308,0.009600336143791204
5180.0,15096.42620196308,0.008684351685632398
5181.0,15096.42620196308,0.00714808399094186
5182.0,15096.42620196308,0.007952278363012577
5183.0,15096.42620196308,0.009817491577233179
5184.0,15096.42620196308,0.009666954508385258
8665.0,15096.42620196308,0.005984302715835067
8666.0,15096.42620196308,0.003117205347817697
8667.0,15096.42620196308,0.0019073701311063463
8668.0,15096.42620196308,0.0023604200248263678
8669.0,15096.42620196308,0.002529543015608129
8670.0,15096.42620196308,0.002513097238815425
8671.0,15096.42620196308,0.003596973782225941
8672.0,15096.42620196308,0.00799156305369803
8673.0,15096.42620196308,0.011377520189379955
8674.0,15096.42620196308,0.010566153875184753
8675.0,15096.42620196308,0.009805809320142798
8676.0,15096.42620196308,0.008337439151580183
8677.0,15096.42620196308,0.007474347909677891
8678.0,15096.42620196308,0.007567715686093388
8679.0,15096.42620196308,0.0071489078829521675
8680.0,15096.42620196308,0.007077355612714428
8681.0,15096.42620196308,0.0076609790205753
8682.0,15096.42620196308,0.00909694045387492
8683.0,15096.42620196308,0.01087229043353985
8684.0,15096.42620196308,0.010201142199047674
8685.0,15096.42620196308,0.008349942957533288
8686.0,15096.42620196308,0.00873388397396707
8687.0,15096.42620196308,0.010820841230822926
8688.0,15096.42620196308,0.011105333088834789
8689.0,15096.42620196308,0.005984302715835067
8690.0,15096.42620196308,0.003117205347817697
8691.0,15096.42620196308,0.0019073701311063463
8692.0,15096.42620196308,0.0023604200248263678
8693.0,15096.42620196308,0.002529543015608129
8694.0,15096.42620196308,0.002513097238815425
8695.0,15096.42620196308,0.003596973782225941
8696.0,15096.42620196308,0.00799156305369803
8697.0,15096.42620196308,0.011377520189379955
8698.0,15096.42620196308,0.010566153875184753
8699.0,15096.42620196308,0.009805809320142798
8700.0,15096.42620196308,0.008337439151580183
8701.0,15096.42620196308,0.007474347909677891
8702.0,15096.42620196308,0.007567715686093388
8703.0,15096.42620196308,0.0071489078829521675
8704.0,15096.42620196308,0.007077355612714428
8705.0,15096.42620196308,0.0076609790205753
8706.0,15096.42620196308,0.00909694045387492
8707.0,15096.42620196308,0.01087229043353985
8708.0,15096.42620196308,0.010201142199047674
8709.0,15096.42620196308,0.008349942957533288
8710.0,15096.42620196308,0.00873388397396707
8711.0,15096.42620196308,0.010820841230822926
8712.0,15096.42620196308,0.011105333088834789
